                  epoch,         train/box_loss,         train/seg_loss,         train/cls_loss,         train/dfl_loss,   metrics/precision(B),      metrics/recall(B),       metrics/mAP50(B),    metrics/mAP50-95(B),   metrics/precision(M),      metrics/recall(M),       metrics/mAP50(M),    metrics/mAP50-95(M),           val/box_loss,           val/seg_loss,           val/cls_loss,           val/dfl_loss,                 lr/pg0,                 lr/pg1,                 lr/pg2
                      0,                 1.0993,                 3.4786,                 2.7015,                 1.4324,                0.00678,                      1,                0.58686,                 0.3875,                 0.0063,                 0.9375,                0.54298,                0.22029,                0.78597,                      0,                 5.0187,                0.70479,             0.00045009,             0.00045009,             0.00045009
                      1,                0.67578,                 1.7164,                 2.1315,                 1.0899,                0.31854,                  0.625,                0.55047,                0.44352,                0.26996,                0.50054,                0.55086,                0.19443,                0.47473,                      0,                 4.0598,                0.56542,             0.00090777,             0.00090777,             0.00090777
